smiles,ESOL,group
N#CC(OC1OC(COC2OC(CO)C(O)C(O)C2O)C(O)C(O)C1O)c1ccccc1,-0.77,training
Cc1occc1C(=O)Nc1ccccc1,-3.3,training
CC(C)=CCCC(C)=CC=O,-2.06,training
c1ccc2c(c1)ccc1c2ccc2c3ccccc3ccc21,-7.87,training
c1ccsc1,-1.33,training
c1ccc2scnc2c1,-1.5,training
Clc1cc(Cl)c(-c2c(Cl)cccc2Cl)c(Cl)c1,-7.32,training
CC12CCC3c4ccc(O)cc4CCC3C1CCC2O,-5.03,training
ClC1=C(Cl)C2(Cl)C3C4CC(C5OC45)C3C1(Cl)C2(Cl)Cl,-6.29,training
C=C(C)C1Cc2c(ccc3c2OC2COc4cc(OC)c(OC)cc4C2C3=O)O1,-4.42,test
O=C1CCCN1,1.07,training
Clc1ccc2ccccc2c1,-4.14,training
C=CCCC,-2.68,test
CCC1(c2ccccc2)C(=O)NCNC1=O,-2.64,training
CCCCCCCCCCCCCC,-7.96,valid
CC(C)Cl,-1.41,training
CCC(C)CO,-0.47,training
N#Cc1ccccc1,-1.0,training
CCOP(=S)(OCC)Oc1cc(C)nc(C(C)C)n1,-3.64,training
CCCCCCCCCC(C)O,-2.94,test
Clc1ccc(-c2c(Cl)ccc(Cl)c2Cl)c(Cl)c1,-7.43,training
O=c1[nH]c2c(c(=O)n1C1CCCCC1)CCC2,-4.593999999999999,test
CCOP(=S)(OCC)SCSCC,-4.11,training
CCOc1ccc(NC(C)=O)cc1,-2.35,training
CCN(CC)c1c([N+](=O)[O-])cc(C(F)(F)F)c(N)c1[N+](=O)[O-],-5.47,training
CCCCCCCO,-1.81,training
Cn1c(=O)c2[nH]cnc2n(C)c1=O,-1.39,training
CCCCC1(CC)C(=O)NC(=O)NC1=O,-1.661,training
ClC(Cl)=C(c1ccc(Cl)cc1)c1ccc(Cl)cc1,-6.9,training
CCCCCCCC(=O)OC,-3.17,training
CCc1ccc(CC)cc1,-3.75,training
CCOP(=S)(OCC)SCSC(C)(C)C,-4.755,training
COC(=O)Nc1cccc(OC(=O)Nc2cccc(C)c2)c1,-4.805,training
C=C(Cl)Cl,-1.64,training
Cc1cccc2c1Cc1ccccc1-2,-5.22,training
CCCCC=O,-0.85,training
c1ccc(Nc2ccccc2)cc1,-3.504,training
CN(C)C(=O)SCCCCOc1ccccc1,-3.927,training
CCCOP(=S)(OCCC)SCC(=O)N1CCCCC1C,-4.15,test
CCCCCCCI,-4.81,valid
Clc1cccc(-c2ccccc2)c1,-4.88,training
C=CCCCO,-0.15,training
O=C1NC(=O)C2(CCC2)C(=O)N1,-1.655,training
CC1CCC(C(C)C)C(O)C1,-2.53,test
CC(C)OC=O,-0.63,test
CCCCCC(C)O,-1.55,training
CC(=O)Nc1ccc(Br)cc1,-3.083,training
Nc1cnn(-c2ccccc2)c(=O)c1Br,-3.127,training
COC(=O)C1=C(C)NC(C)=C(C(=O)OC)C1c1ccccc1[N+](=O)[O-],-4.76,training
Cc1ccc2ccc(C)nc2c1,-1.94,training
C#CCCCCCC,-3.66,training
CCC1(C2=CCCCC2)C(=O)NC(=O)NC1=O,-2.17,training
c1ccc2c(c1)ccc1c3ccccc3ccc21,-8.057,training
CCC(C)n1c(=O)[nH]c(C)c(Br)c1=O,-2.523,test
Clc1cccc(-c2c(Cl)c(Cl)cc(Cl)c2Cl)c1Cl,-8.6,valid
Cc1ccccc1O,-0.62,valid
CC(C)CCC(C)(C)C,-5.05,training
Cc1ccc(C)c2ccccc12,-4.14,valid
Cc1cc2c3ccccc3ccc2c2ccccc12,-6.57,training
CCCC(C)=O,-0.19,training
Clc1cc(Cl)c(Cl)c(-c2c(Cl)c(Cl)cc(Cl)c2Cl)c1Cl,-9.15,training
CCCOC(=O)CC,-0.82,training
CC12C=CC(=O)C=C1CCC1C3CC(O)C(O)(C(=O)CO)C3(C)CC(O)C12F,-3.68,training
Nc1ccc(O)cc1,-0.8,training
O=C(Cn1ccnc1[N+](=O)[O-])NCc1ccccc1,-2.81,valid
O=C1C(O)=C(C2CCC(c3ccc(Cl)cc3)CC2)C(=O)c2ccccc21,-5.931,training
CCNc1nc(Cl)nc(N(CC)CC)n1,-4.06,training
NC(=O)c1cnccn1,-0.667,training
CCC(Br)(CC)C(=O)NC(N)=O,-2.68,training
Clc1ccccc1-c1ccccc1Cl,-5.27,valid
O=C1CN(N=Cc2ccc([N+](=O)[O-])o2)C(=O)N1,-3.38,test
O=[N+]([O-])c1ccc(Oc2ccc(Cl)cc2Cl)cc1,-5.46,training
CC12CCC(CC1=O)C2(C)C,-1.96,training
C=CCC1(c2ccccc2)C(=O)NC(=O)NC1=O,-2.369,training
CCCCC(=O)OCC,-2.25,training
CC(=O)OCCC(C)C,-1.92,training
CCCCCC(=O)OCN1C(=O)NC(c2ccccc2)(c2ccccc2)C1=O,-5.886,training
Clc1cccc(-c2cc(Cl)ccc2Cl)c1,-6.01,training
CCCBr,-1.73,training
CCCC1COC(Cn2cncn2)(c2ccc(Cl)cc2Cl)O1,-3.4930000000000003,training
COP(=S)(OC)SCC(=O)N(C)C=O,-1.995,training
Cc1ncnc2nccnc12,-0.466,training
NC(N)=S,0.32,training
Cc1ccc(C)cc1,-2.77,training
CCc1ccccc1CC,-3.28,training
ClC(Cl)(Cl)C(Cl)(Cl)Cl,-3.67,training
CC(C)C(C(=O)OC(C#N)c1cccc(Oc2ccccc2)c1)c1ccc(OC(F)F)cc1,-6.876,valid
CCC[N+](=O)[O-],-0.8,test
CC1CCC(C(C)C)C(=O)C1,-2.35,training
CCN1c2cc(Cl)ccc2NC(=O)c2cccnc21,-5.36,training
O=[N+]([O-])c1cccc(Cl)c1Cl,-3.48,training
C=CCC1(C(C)CCC)C(=O)NC(=S)NC1=O,-3.46,valid
c1ccc2c(c1)-c1cccc3cccc-2c13,-6.0,training
CCCOC(C)C,-1.34,training
Cc1cc(C)c2ccccc2c1,-4.29,valid
CCC(=C(CC)c1ccc(O)cc1)c1ccc(O)cc1,-4.07,training
N#Cc1c(Cl)c(Cl)c(Cl)c(C#N)c1Cl,-5.64,training
Clc1ccc(Cl)c(-c2ccc(Cl)c(Cl)c2)c1,-7.25,training
c1ccc(C2CO2)cc1,-1.6,test
CC(C)c1ccccc1,-3.27,test
CC12CCC(=O)C=C1CCC1C2CCC2(C)C(C(=O)CO)CCC12,-3.45,training
Clc1c(Cl)c(Cl)c2nccnc2c1Cl,-5.43,training
OC1COC(O)C(O)C1O,0.39,training
ClCCl,-0.63,training
CCc1cccc2ccccc12,-4.17,training
COC=O,0.58,test
O=[N+]([O-])c1ccccc1O,-1.74,valid
Cc1c[nH]c(=O)[nH]c1=O,-1.506,training
CC(C)C,-2.55,training
OCC1OC(n2cnc3c(O)ncnc32)C(O)C1O,-1.23,test
N#Cc1cc(I)c(O)c(I)c1,-3.61,training
O=C(Nc1ccc([N+](=O)[O-])cc1Cl)c1cc(Cl)ccc1O,-4.7,training
CCCCC,-3.18,training
Oc1ccccc1,0.0,training
Nc1ccc2cc3ccccc3cc2c1,-5.17,training
Cn1cnc2c1c(=O)[nH]c(=O)n2C,-2.523,valid
c1ccc2cnccc2c1,-1.45,training
COP(=S)(OC)SCC(=O)N(c1ccc(Cl)cc1)C(C)C,-4.432,training
CCCCCCc1ccccc1,-5.21,training
Clc1ccccc1-c1ccccc1,-4.54,test
C=C(C)CCC,-3.03,valid
CC(C)C(C)C(C)C,-4.8,training
Clc1cc(Cl)c(Cl)c(Cl)c1Cl,-5.65,training
O=[N+]([O-])c1cccc(O)c1,-1.01,training
C=CCCCCCCCC,-5.51,training
CC(=O)OCC(COC(C)=O)OC(C)=O,-0.6,test
CCCCc1c(C)nc(N(C)C)nc1O,-2.24,training
CC1(C)C(C=C(Cl)Cl)C1C(=O)OC(C#N)c1ccc(F)c(Oc2ccccc2)c1,-7.337000000000001,training
c1ccncc1,0.76,training
CCCCCCCBr,-4.43,training
Cc1ccncc1C,0.36,training
CC12CCC(=O)C=C1CCC1C3CCC(O)(C(=O)CO)C3(C)CC(O)C12F,-3.43,training
CCSCc1ccccc1OC(=O)NC,-2.09,training
CCOC(=O)CC(=O)OCC,-0.82,training
C=C(C)C1CC=C(C)CC1,-4.26,test
c1ccc2c(c1)CCC2,-3.04,training
CC(C)(C)c1ccc(O)cc1,-2.41,training
O=C1NC(=O)C2(CC2)C(=O)N1,-1.886,valid
Clc1cccc(I)c1,-3.55,training
Brc1cccc2ccccc12,-4.35,test
C/C=C/CC,-2.54,training
Cc1cccc(C)n1,0.45,training
ClC=C(Cl)Cl,-1.96,training
Nc1cccc2ccccc12,-1.92,training
Cc1cccc(C)c1,-2.82,training
Oc1ncc2nccnc2n1,-1.947,training
CO,1.57,training
CCC(C)=O,0.52,training
O=c1[nH]cc(F)c(=O)[nH]1,-1.077,valid
Nc1ncnc2c1ccn2C1OC(CO)C(O)C1O,-1.95,training
Oc1cccc(O)c1,0.81,training
CCCCCCO,-1.24,test
CCCCCCl,-2.73,valid
C=CC=C,-1.87,training
CCCOC(C)=O,-0.72,training
Oc1ccc2c(c1)CCCC2,-1.99,training
NC(=O)CCl,-0.02,training
COP(=S)(OC)Oc1cc(Cl)c(I)cc1Cl,-6.62,valid
Cc1ccc(Cl)cc1,-3.08,valid
CSc1nnc(C(C)(C)C)c(=O)n1N,-2.253,test
Cc1ccc(OP(=O)(Oc2cccc(C)c2)Oc2ccccc2C)cc1,-6.01,training
CCCCCC=O,-1.3,training
CCCCOC(=O)c1ccc(N)cc1,-3.082,training
Cc1ccc2c(c1)Oc1ncc(N)cc1C(=O)N2C,-3.043,training
CC(C)=CCC/C(C)=C\CO,-2.46,training
Clc1ccc(-c2ccccc2Cl)cc1,-5.28,training
CCCCCCCC(=O)OCN1C(=O)NC(c2ccccc2)(c2ccccc2)C1=O,-6.523,training
CC[N+](=O)[O-],-0.22,training
C=C(C)CN(CC)c1c([N+](=O)[O-])cc(C(F)(F)F)cc1[N+](=O)[O-],-6.124,training
Clc1ccc(Cl)c(Cl)c1Cl,-4.57,test
CCCC(C)(COC(N)=O)COC(N)=O,-1.807,training
CC(=O)C1CCC2C3CC=C4CC(O)CCC4(C)C3CCC12C,-4.65,training
CI,-1.0,test
CC1CC(C)C(=O)C(C(O)CC2CC(=O)NC(=O)C2)C1,-1.13,training
CCCCCCC(=O)OCN1C(=O)NC(c2ccccc2)(c2ccccc2)C1=O,-6.301,training
CC1=CC(=O)CC(C)(C)C1,-1.06,valid
CCC(C)C1(CC)C(=O)NC(=O)NC1=O,-2.39,training
CCCCC(=O)CCCC,-2.58,training
CCC1(c2ccccc2)CCC(=O)NC1=O,-2.337,training
CCC(C)CC,-3.68,valid
CCOc1ccc(C(C)(C)COCc2cccc(Oc3ccccc3)c2)cc1,-8.6,training
Cc1ccccc1-n1c(C)nc2ccccc2c1=O,-2.925,training
N#CCCl,-0.092,training
CCOP(=S)(CC)Oc1cc(Cl)c(Cl)cc1Cl,-5.752000000000001,valid
C#CC1(O)CCC2C3CCC4=CC(=O)CCC4(C)C3CCC21C,-5.66,training
c1ccnnc1,1.1,training
Clc1cc(Cl)c(Cl)c(Cl)c1,-4.63,training
CC1COC2CC3(C)C(CC4C5C=C6CC(O)CCC6(C)CC5CCC43C)OC2C1,-7.32,training
Nc1ccccc1O,-0.72,training
CCCCCCCCC(=O)OCC,-3.8,training
COCC(=O)N(c1c(C)cccc1C)C(C)C(=O)OC,-1.601,valid
CNC(=O)Oc1ccccc1OC(C)C,-2.05,training
CCC(C)Cl,-1.96,training
Oc1ccc2ccccc2c1,-2.28,training
CC(C)Oc1cc(-n2nc(C(C)(C)C)oc2=O)c(Cl)cc1Cl,-5.696000000000001,training
C#CCCCC,-2.36,training
C#CCCCCCCC,-4.24,test
Cc1ccccc1Cl,-3.52,valid
CC(C)OC(C)C,-1.1,training
Nc1ccc(S(=O)(=O)c2ccc(N)cc2)cc1,-3.094,training
CNN,1.34,training
C#CC,-0.41,training
CCOP(=S)(OCC)ON=C(C#N)c1ccccc1,-4.862,training
CCNP(=S)(OC)OC(C)=CC(=O)OC(C)C,-3.408,training
C=CC=O,0.57,training
O=c1[nH]cnc2nc[nH]c12,-2.296,training
Oc1ccc2ncccc2c1,-2.16,training
Fc1ccccc1,-1.8,valid
CCCCl,-1.47,training
CCOC(C)=O,-0.04,training
CCCC(C)(C)C,-4.36,training
Cc1cc(C)c(C)c(C)c1C,-4.0,training
CCCCOC(=O)CCCCCCCCC(=O)OCCCC,-3.896,training
Clc1ccc(-c2ccc(Cl)cc2)cc1,-6.56,valid
Cc1cccnc1C,0.38,training
C=C(C)C1CC=C(C)C(=O)C1,-2.06,test
CCOP(=S)(OCC)SCSc1ccc(Cl)cc1,-5.736000000000001,training
COc1cc(C2c3cc4c(cc3C(OC3OC5COC(C)OC5C(O)C3O)C3COC(=O)C23)OCO4)cc(OC)c1O,-3.571,training
c1cc2cccc3c4cccc5cccc(c(c1)c23)c54,-8.804,training
Cc1ccc([N+](=O)[O-])cc1[N+](=O)[O-],-2.82,training
Brc1ccc2ccccc2c1,-4.4,training
CNC(=O)Oc1cccc(N=CN(C)C)c1,-2.34,valid
COc1cnc2ncncc2n1,-1.139,training
Cc1ccnc2c1NC(=O)c1cccnc1N2C1CC1,-3.19,training
CCOP(=S)(OCC)Oc1nc(Cl)n(C(C)C)n1,-3.658,test
C=CC(=C)C,-2.03,training
C=CC(C)(O)CCC=C(C)C,-1.99,training
COP(=S)(OC)Oc1ccc(SC)c(C)c1,-4.57,training
OC1CCCCC1,-0.44,training
C=CCC1(C)C(=O)NC(=O)NC1=O,-1.16,training
Cc1ccc(-c2ccccc2)cc1,-4.62,training
CCNc1nc(Cl)nc(NC(C)C)n1,-3.85,training
NC(=S)Nc1ccccc1,-1.77,test
CCCC(=O)CCC,-1.3,training
CC(=O)C(C)(C)C,-0.72,training
Oc1ccc(Cl)cc1,-0.7,training
O=C1CCCCC1,-0.6,training
Cc1cccc(N)c1,-0.85,training
N#CC(Cl)(Cl)Cl,-2.168,test
CNc1cnn(-c2cccc(C(F)(F)F)c2)c(=O)c1Cl,-4.046,training
CCCCCCCCC(C)=O,-3.3,training
CCN(CC)c1nc(Cl)nc(NC(C)C)n1,-3.785,valid
CCOC(=O)c1ccc(N)cc1,-2.616,training
Clc1ccc(Cl)c(Cl)c1,-3.59,training
Cc1nnc2n1-c1ccc(Cl)cc1C(c1ccccc1Cl)=NC2,-4.09,valid
Oc1ccccc1O,0.62,training
CCN1c2ncccc2C(=O)N(C)c2cccnc21,-2.62,test
CSC,-0.45,test
Cc1ccccc1Br,-2.23,training
CCOC(N)=O,0.85,training
CC(=O)OC1(C(C)=O)CCC2C3C=C(C)C4=CC(=O)CCC4(C)C3CCC21C,-5.35,test
CC(C)C(O)C(C)C,-1.22,training
c1ccc2ccccc2c1,-3.6,training
CCNc1ccccc1,-1.7,valid
O=C1NC(=O)C(c2ccccc2)(c2ccccc2)N1,-4.097,training
Cc1c2ccccc2c(C)c2c1ccc1ccccc12,-7.02,test
CCOP(=S)(OCC)SC(CCl)N1C(=O)c2ccccc2C1=O,-6.34,training
COc1ccc(C(c2ccc(OC)cc2)C(Cl)(Cl)Cl)cc1,-6.89,training
O=C(NC(=O)c1c(F)cccc1F)Nc1cc(Cl)c(F)c(Cl)c1F,-7.28,training
CCCCC(=O)OCN1C(=O)NC(c2ccccc2)(c2ccccc2)C1=O,-4.678,test
CN(C)C(=O)Nc1ccc(Cl)cc1,-2.89,training
OC(Cn1cncn1)(c1ccc(F)cc1)c1ccccc1F,-3.37,training
CC(=O)OCC(=O)C1(O)C(OC(C)=O)CC2C3CCC4=CC(=O)C=CC4(C)C3(F)C(O)CC21C,-4.13,training
CCCCBr,-2.37,training
Brc1cc(Br)c(Br)cc1Br,-6.98,test
CC(=O)CC(C)C,-0.74,training
CCSC(=O)N(CC)C1CCCCC1,-3.4,training
COc1ccc(Cl)cc1,-2.78,training
CC1(C)C(C=C(Br)Br)C1C(=O)OC(C#N)c1cccc(Oc2ccccc2)c1,-8.402000000000001,training
C=CCC1(C(C)CC)C(=O)NC(=O)NC1=O,-2.016,training
COP(=S)(OC)Oc1ccc([N+](=O)[O-])c(C)c1,-4.04,valid
Ic1cccc2ccccc12,-4.55,training
CCS,-0.6,training
ClCC(Cl)Cl,-1.48,training
Cc1cc(OC(=O)N(C)C)n(-c2ccccc2)n1,-2.09,training
NC(=O)c1ccccc1O,-1.82,training
Cc1ccccc1[N+](=O)[O-],-2.33,training
CC(C)C1(C(C)C)C(=O)NC(=O)NC1=O,-2.766,training
CCc1ccccc1C,-3.21,training
CCCCCCCCl,-4.0,training
CCC1(CC)C(=O)NC(=O)NC1=O,-2.4,training
c1ccc(CCc2ccccc2)cc1,-4.62,valid
ClC(Cl)C(Cl)Cl,-1.74,training
CCN1c2cc(OC)cc(C)c2NC(=O)c2cccnc21,-5.153,valid
Cc1ccc2c(ccc3ccccc32)c1,-5.84,training
CCCCOC(=O)c1ccccc1C(=O)OCCCC,-4.4,training
COc1c(O)c(Cl)c(Cl)c(Cl)c1Cl,-4.02,valid
CCN(CC)C(=O)C(Cl)=CCOP(=O)(OC)OC,0.523,training
CC12CCC3C(=CCc4cc(O)ccc43)C1CCC2=O,-5.282,valid
CCOC(=O)c1ccccc1S(=O)(=O)NN(C=O)c1nc(Cl)cc(OC)n1,-4.5760000000000005,training
COc1ccc([N+](=O)[O-])cc1,-2.41,training
CCCCCCCl,-3.12,training
Clc1cc(-c2cc(Cl)c(Cl)c(Cl)c2Cl)c(Cl)c(Cl)c1Cl,-9.16,valid
OCC1OC(OCC2OC(OC3(CO)OC(CO)C(O)C3O)C(O)C(O)C2O)C(O)C(O)C1O,-0.41,test
CCCCCCCCCCCCCCCCCCCCCCCCCC,-8.334,training
CCN1c2ccccc2N(C)C(=O)c2cccnc21,-3.324,training
CC(Cl)Cl,-1.29,test
Nc1ccc(S(N)(=O)=O)cc1,-1.34,training
CCCN(CCC)c1c([N+](=O)[O-])cc(C(C)C)cc1[N+](=O)[O-],-6.49,training
ClC1C(Cl)C(Cl)C(Cl)C(Cl)C1Cl,-4.64,training
CCOP(=S)(NC(C)C)Oc1ccccc1C(=O)OC(C)C,-4.194,training
Clc1cccc(Cl)c1Cl,-4.0,training
ClC(Cl)(Cl)Cl,-2.31,training
O=[N+]([O-])c1ccc(Cl)c(Cl)c1,-3.2,test
OC1CCCCCCC1,-1.29,training
CC12CCC(=O)C=C1CCC1C2CCC2(C)C1CCC2(C)O,-3.999,training
CCOc1ccc(NC(N)=O)cc1,-2.17,training
CC1CCC(C)CC1,-4.47,training
c1cnc2c(c1)ccc1ncccc12,-2.68,valid
COC(C)(C)C,-0.24,valid
CC=Cc1ccc(OC)cc1,-3.13,training
CCCCCCCCCCCCCCCCO,-7.0,training
O=c1cc[nH]c(=O)[nH]1,-1.4880000000000002,training
Nc1ncnc2nc[nH]c12,-2.12,training
Clc1cc(Cl)c(-c2cccc(Cl)c2Cl)cc1Cl,-7.21,training
COc1ccc(C(O)(c2cncnc2)C2CC2)cc1,-2.596,training
c1ccc2c(c1)-c1cccc3c1c-2cc1ccccc13,-8.23,training
O=C(Nc1ccccc1)Nc1ccccc1,-3.15,training
CCC1(c2ccccc2)C(=O)NC(=O)NC1=O,-2.322,training
Clc1ccc(-c2cccc(Cl)c2Cl)cc1,-6.29,training
CC(C)c1ccc(NC(=O)N(C)C)cc1,-3.536,training
CCN(CC)C(=O)CSc1ccc(Cl)nn1,-1.716,training
CCC(C)(C)CO,-1.04,training
CCCOC(=O)CCC,-1.75,training
Cc1c([N+](=O)[O-])cc([N+](=O)[O-])cc1[N+](=O)[O-],-3.22,test
CC(C)OP(=S)(OC(C)C)SCCNS(=O)(=O)c1ccccc1,-4.2,training
C1CCCCCC1,-3.51,training
CCCOC=O,-0.49,test
Cc1ccccc1C(C)C,-3.76,training
Nc1cccc(Cl)c1,-1.37,training
CC(C)CC(C)C,-4.26,training
c1ccc2c(c1)oc1ccccc12,-4.6,training
CCOC1Oc2ccc(OS(C)(=O)=O)cc2C1(C)C,-3.42,valid
CN(C)C(=O)Nc1cccc(C(F)(F)F)c1,-3.43,test
c1ccc2nc3ccccc3cc2c1,-3.67,valid
CC12CCC(=O)C=C1CCC1C2C(=O)CC2(C)C1CCC2(O)C(=O)CO,-3.11,training
OCC1OC(O)C(O)C(O)C1O,0.74,training
Cc1cccc(O)c1,-0.68,valid
CC1Cc2ccccc2N1NC(=O)c1ccc(Cl)c(S(N)(=O)=O)c1,-3.5860000000000003,training
CCC(C)C(=O)OC1CC(C)C=C2C=CC(C)C(CCC3CC(O)CC(=O)O3)C21,-6.005,training
O=[N+]([O-])c1ccc([N+](=O)[O-])cc1,-3.39,training
CCC1(C2=CCC3CCC2C3)C(=O)NC(=O)NC1=O,-2.696,training
CCCCCCCCCC(=O)OCC,-4.1,training
CN(C)C(=O)Nc1ccccc1,-1.6,training
CCCOCC,-0.66,training
CC(C)O,0.43,test
Cc1ccc2ccccc2c1,-3.77,valid
ClC(Br)Br,-1.9,training
CCC(c1ccc(O)cc1)C(CC)c1ccc(O)cc1,-4.43,training
CCOC(=O)CC(SP(=S)(OC)OC)C(=O)OCC,-3.37,training
ClCc1ccccc1,-2.39,test
C/C=C/C=O,0.32,test
CON(C)C(=O)Nc1ccc(Br)c(Cl)c1,-3.924,training
Cc1c2ccccc2c(C)c2ccccc12,-6.57,training
CCCCCC(=O)OC,-1.87,training
CN(C)C(=O)Nc1ccc(-n2nc(C(C)(C)C)oc2=O)c(Cl)c1,-4.328,training
CC(=O)Nc1ccc(F)cc1,-1.78,training
CCc1cccc(CC)c1N(COC)C(=O)CCl,-3.26,test
C1=CCCCC1,-2.59,training
CC12CCC(=O)C=C1CCC1C2C(O)CC2(C)C1CCC2(O)C(=O)CO,-3.09,training
c1cncnc1,1.1,training
O=[N+]([O-])c1ccc(Cl)cc1,-2.92,training
CCC(=O)OC,-0.14,training
O=[N+]([O-])c1ccccc1Cl,-2.55,test
CCCCN(C)C(=O)Nc1ccc(Cl)c(Cl)c1,-4.77,training
CN1CC(O)N(c2nnc(C(C)(C)C)s2)C1=O,-1.877,training
O=[N+]([O-])c1ccccc1,-1.8,test
Ic1ccccc1,-3.01,training
Cc1ccccc1N1C(=O)c2cc(S(N)(=O)=O)c(Cl)cc2NC1C,-3.78,training
COc1ccccc1OCC(O)COC(N)=O,-0.985,training
CCCCOCN(C(=O)CCl)c1c(CC)cccc1CC,-4.19,training
Oc1cccc(Cl)c1Cl,-1.3,training
CCCC(=O)OC,-1.92,training
CCC(=O)Nc1ccc(Cl)c(Cl)c1,-3.0,training
Nc1nc(N)c2nc(-c3ccccc3)c(N)nc2n1,-2.404,training
CCCCCC(=O)OCC,-2.35,valid
OCC(O)C1OC2OC(C(Cl)(Cl)Cl)OC2C1O,-1.84,training
Cc1ccc(N=CN(C)C=Nc2ccc(C)cc2C)c(C)c1,-5.47,training
COc1nc(NC(C)C)nc(NC(C)C)n1,-2.478,test
C=CCCCCCC,-4.44,training
Cc1ccc(N)cc1,-1.21,training
Nc1nccs1,-0.36,training
CNC(=O)Oc1ccccc1,-1.803,training
CCCC(O)CC,-0.8,test
Oc1c2ccccc2cc2ccccc12,-4.73,training
Cc1ccc2cc3ccccc3cc2c1,-6.96,training
Cc1cccc(C)c1C,-3.2,valid
CNC(=O)Oc1ccc(N(C)C)c(C)c1,-2.36,valid
CCCCCCCC(C)O,-2.74,training
CN(C(=O)NC(C)(C)c1ccccc1)c1ccccc1,-3.35,training
CCCC(=O)CC,-0.83,valid
N#Cc1cc(Br)c(O)c(Br)c1,-3.33,training
Clc1ccc(-c2ccccc2)cc1Cl,-6.39,training
CN(C(=O)COc1nc2ccccc2s1)c1ccccc1,-4.873,training
Oc1cccc2ncccc12,-2.54,training
CC1=C(C(=O)Nc2ccccc2)SCCO1,-3.14,test
CCOc1ccc2nc(S(N)(=O)=O)sc2c1,-3.81,training
Oc1c(Cl)c(Cl)c(Cl)c(Cl)c1Cl,-4.28,training
ClCBr,-0.89,training
CCC1(CC)C(=O)NC(=O)N(C)C1=O,-2.23,training
CC(=O)OCC(=O)C1CCC2C3CCC4=CC(=O)CCC4(C)C3CCC12C,-4.63,test
NC(=O)NCc1ccccc1,-0.95,training
Cc1ccc(NC(=O)N(C)C)cc1Cl,-3.483,test
CON(C)C(=O)Nc1ccc(Cl)c(Cl)c1,-3.592,training
OC1CCCCCC1,-0.88,valid
CS(=O)(=O)c1ccc(C(O)C(CO)NC(=O)C(Cl)Cl)cc1,-2.154,training
CCCC(C)C1(CC)C(=O)NC(=S)NC1=O,-3.36,training
CC(=O)Nc1nnc(S(N)(=O)=O)s1,-2.36,training
O=[N+]([O-])c1ccc(O)cc1,-0.74,training
ClC1=C(Cl)C2(Cl)C3C4C=CC(C4)C3C1(Cl)C2(Cl)Cl,-6.307,training
C1CCOC1,0.49,training
Nc1ccccc1[N+](=O)[O-],-1.96,test
Clc1cccc(-c2cccc(Cl)c2Cl)c1Cl,-7.28,training
CCCCC1C(=O)N(c2ccccc2)N(c2ccccc2)C1=O,-3.81,training
Cc1c([N+](=O)[O-])cccc1[N+](=O)[O-],-3.0,training
CC(=O)C1CCC2C3CCC4=CC(=O)CCC4(C)C3CCC12C,-4.42,test
CCN(CC)c1nc(Cl)nc(N(CC)CC)n1,-4.4110000000000005,training
O=C1C2CC=CCC2C(=O)N1SC(Cl)(Cl)C(Cl)Cl,-5.4,training
Brc1ccc(Br)c(Br)c1,-4.5,training
O=C1Nc2ccc(Cl)cc2C(c2ccccc2)=NC1O,-3.952,valid
C=CCC1(C(C)CCC)C(=O)NC(=O)NC1=O,-2.356,training
Cc1ccc(C(C)C)cc1O,-2.08,training
O=C1CSC(=S)N1,-1.77,training
O=c1c(O)c(-c2ccc(O)cc2O)oc2cc(O)cc(O)c12,-3.083,training
O=C1C2(Cl)C3(Cl)C4(Cl)C(Cl)(Cl)C5(Cl)C3(Cl)C1(Cl)C5(Cl)C24Cl,-5.259,test
CCN(CC)C(=S)SSC(=S)N(CC)CC,-4.86,valid
C1CCCCC1,-3.1,training
ClC1=C(Cl)C(Cl)(C2(Cl)C(Cl)=C(Cl)C(Cl)=C2Cl)C(Cl)=C1Cl,-7.278,training
Cc1cc(Cl)ccc1N=CN(C)C,-2.86,training
CC12CCc3c(ccc4cc(O)ccc34)C1CCC2=O,-5.24,training
CCCCCCCCO,-2.39,training
CCSCC,-1.34,training
ClCCCl,-1.06,valid
CCC(C)(C)Cl,-2.51,training
ClCCBr,-1.32,training
Nc1ccc([N+](=O)[O-])cc1,-2.37,training
OCC1OC(OC2C(CO)OC(O)C(O)C2O)C(O)C(O)C1O,-0.244,training
CCN1C(=O)c2cccnc2N(CC)c2ncccc21,-2.86,training
Clc1ccccc1,-2.38,training
C=CCCCCCCC,-5.05,training
Brc1ccc(I)cc1,-4.56,training
CCC(C)(O)CC,-0.36,training
CCCCCc1ccccc1,-4.64,training
NC(=O)NC1NC(=O)NC1=O,-1.6,training
O=C(OCC(O)CO)c1ccccc1Nc1ccnc2cc(Cl)ccc12,-4.571000000000001,training
Clc1ccc(C(c2ccc(Cl)cc2)C(Cl)Cl)cc1,-7.2,training
CC(=O)OC1CCC2C3CCC4=CC(=O)CCC4(C)C3CCC12C,-5.184,training
Clc1cccc2ccccc12,-3.93,test
CCN1c2ccccc2C(=O)N(C)c2ccccc21,-4.749,valid
CCCCC(C)O,-0.89,training
CCCC1CCCC1,-4.74,test
CCOC(=O)c1cncn1C(C)c1ccccc1,-4.735,training
Oc1ccc(Cl)c(Cl)c1,-1.25,training
CC1(C)C(C=C(Cl)Cl)C1C(=O)OC(C#N)c1cccc(Oc2ccccc2)c1,-8.017000000000001,training
c1ccc2ocnc2c1,-1.16,valid
CCCCCO,-0.6,training
CCN(CC)c1ccccc1,-3.03,training
Fc1cccc(F)c1,-2.0,test
N#CCCCl,-0.29,training
CC(C)(C)Cc1ccccc1,-4.15,test
Clc1ccccc1I,-3.54,training
c1ccc2[nH]nnc2c1,-0.78,training
CNC(=O)Oc1cccc2c1OC(C)(C)C2,-2.8,training
Cc1cccc(C)c1O,-1.29,training
CC(C)C(C)O,-0.18,training
OC(c1ccccc1)c1ccccc1,-2.55,training
CCCCCCCCCC(=O)OC,-4.69,training
COP(=S)(OC)Oc1ccc([N+](=O)[O-])cc1Cl,-4.31,training
CC(C)CBr,-2.43,training
CCI,-1.6,test
Cc1nc(N(C)C)nc(OC(=O)N(C)C)c1C,-1.95,training
CCCCCCBr,-3.81,training
CCCC(C)C,-3.74,training
Cc1c(F)c(F)c(COC(=O)C2C(C=C(Cl)C(F)(F)F)C2(C)C)c(F)c1F,-7.321000000000001,training
CCc1cccc(C)c1N(C(=O)CCl)C(C)COC,-2.73,training
O=[N+]([O-])c1ccc(C=NO)o1,-2.19,valid
CC(C)C(Nc1ccc(C(F)(F)F)cc1Cl)C(=O)OC(C#N)c1cccc(Oc2ccccc2)c1,-8.003,training
Nc1nc[nH]n1,0.522,training
BrC(Br)Br,-1.91,training
COP(=O)(OC)C(O)C(Cl)(Cl)Cl,-0.22,training
CCOP(=S)(OCC)SCn1c(=O)oc2cc(Cl)ccc21,-5.233,test
OCc1ccccc1,-0.4,training
O=c1oc2ccccc2c(O)c1C1CCCc2ccccc21,-2.84,training
Oc1ccc(Br)cc1,-1.09,training
CC(C)Br,-1.59,training
CC(C)CC(C)(C)C,-4.74,training
O=[N+]([O-])c1cc([N+](=O)[O-])cc([N+](=O)[O-])c1,-2.89,training
CN1C(=O)CN=C(c2ccccc2)c2cc([N+](=O)[O-])ccc21,-3.796,training
CCC,-1.94,training
Nc1cc(N2CCCCC2)nc(N)[n+]1[O-],-1.989,training
Nc1cccc2nc3ccccc3cc12,-4.22,training
c1ccc2cc3c(cc2c1)-c1cccc2cccc-3c12,-8.49,test
OC(c1ccc(Cl)cc1)(c1ccc(Cl)cc1)C(Cl)(Cl)Cl,-5.666,training
c1cc2c3c(cccc3c1)CC2,-4.63,training
Brc1ccc(Br)cc1,-4.07,training
Cn1c(=O)on(-c2ccc(Cl)c(Cl)c2)c1=O,-2.82,training
Oc1ccc(-c2ccccc2)cc1,-3.48,training
CC1=C(C(=O)Nc2ccccc2)CCCO1,-2.56,training
C=COCC,-0.85,training
C#CCC,-1.24,training
COc1ncnc2nccnc12,-1.11,training
CCCCC(C)(O)CC,-1.6,training
Clc1ccc(Cl)cc1,-3.27,training
CC(=O)OCN1C(=O)NC(c2ccccc2)(c2ccccc2)C1=O,-4.47,training
CSCS(=O)CC(CO)NC(=O)C=Cc1c(C)[nH]c(=O)[nH]c1=O,-1.981,training
Cc1c[nH]c2ccccc12,-2.42,training
COc1ncc2nccnc2n1,-1.11,training
CNC(=O)Oc1ccccc1C1OCCO1,-1.57,training
CC(C)CNC(=O)N1CCNC1=O,-2.15,training
CC#N,0.26,training
CCOC(=O)NCCOc1ccc(Oc2ccccc2)cc1,-4.7,training
CC(=O)N(c1onc(C)c1C)S(=O)c1ccc(N)cc1,-3.59,training
ClCC(Cl)(Cl)Cl,-2.18,test
CCCCO,0.0,training
CC1CCCCC1NC(=O)Nc1ccccc1,-4.11,training
Clc1cc(Cl)cc(Cl)c1,-4.48,training
O=Cc1ccco1,-0.1,test
CC(C)CCO,-0.51,valid
O=Cc1ccc2c(c1)OCO2,-1.63,training
C=C(C)C,-2.33,training
O=Cc1ccccc1,-1.19,training
C=C(C)C(=C)C,-2.4,training
CCOC(=O)CCN(SN(C)C(=O)Oc1cccc2c1OC(C)(C)C2)C(C)C,-4.71,training
CN1C(=O)c2cccnc2Oc2ccccc21,-3.672,training
c1ccc2c(c1)Cc1ccccc1-2,-5.0,training
CC1CCCCC1,-3.85,training
N=C(N)NS(=O)(=O)c1ccc(N)cc1,-1.99,training
COC(=O)c1ccc(O)cc1,-1.827,test
CC1CCCO1,0.11,training
CC1=C2C3OC(=O)C(C)C3CCC2(C)C=CC1=O,-3.09,valid
OCc1ccccc1OC1OC(CO)C(O)C(O)C1O,-0.85,training
CCCI,-2.29,test
CCNc1nc(NC(C)C)nc(SC)n1,-3.04,training
CCCO,0.62,training
CC(=O)C1(O)CCC2C3CCC4=CC(=O)CCC4(C)C3CCC21C,-3.817,training
CCCC(C)O,-0.29,training
O=C(c1ccccc1)C(O)c1ccccc1,-2.85,training
Cc1ccc(O)c(C)c1,-1.19,training
O=[N+]([O-])c1cccc(Cl)c1,-2.77,training
Cc1c(N)c(=O)n(-c2ccccc2)n1C,-0.624,training
Clc1ccc(-c2cc(Cl)ccc2Cl)c(Cl)c1,-6.57,training
ClC(Cl)=C(Cl)C(Cl)=C(Cl)Cl,-4.92,training
CCNc1nc(NC(C)(C)C)nc(SC)n1,-4.0,test
CCC(C)CCO,-0.71,training
Cc1ncc2nccnc2n1,-0.12,valid
C#CC1(O)CCC2C3CCC4=Cc5oncc5CC4(C)C3CCC21C,-5.507000000000001,training
CCCCI,-2.96,training
CC1OC(OC2C(O)CC(OC3C(O)CC(OC4CCC5(C)C(CCC6C5CC(O)C5(C)C(C7=CC(=O)OC7)CCC65O)C4)OC3C)OC2C)CC(O)C1O,-4.081,training
FC(F)(F)c1ccccc1,-2.51,training
CCCCCCOC(=O)c1ccccc1C(=O)OCCCCCC,-6.144,test
c1ccc2c(c1)sc1ccccc12,-4.38,training
Clc1ccc(-c2ccc(Cl)c(Cl)c2Cl)c(Cl)c1,-7.8,training
Clc1ccc(-c2ccc(Cl)c(Cl)c2Cl)c(Cl)c1Cl,-8.01,training
CC(=O)CC(c1ccccc1)c1c(O)c2ccccc2oc1=O,-3.893,training
OC(c1ccccc1)C(O)c1ccccc1,-1.93,training
COC(=O)c1ccccc1C(=O)OC,-1.66,training
CCCCCCCC(=O)OCC,-3.39,training
CCSSCC,-2.42,valid
CCOCCOCC,-0.77,training
Clc1cc(Cl)c(Cl)cc1Cl,-5.56,training
Nc1ccc(-c2ccc(N)cc2)cc1,-2.7,valid
C=CCCCCC,-3.73,training
CCCCc1c(C)nc(NCC)[nH]c1=O,-3.028,training
CCCC(C)C1(CC)C(=O)NC(=O)NC1=O,-2.39,training
Nc1ccccc1Cl,-1.52,training
COc1cccc(Cl)c1,-2.78,test
CCCCN(CC)C(=O)SCCC,-3.53,valid
CCCCOC=O,-1.37,training
CC12C=CC(=O)C=C1CCC1C2C(O)CC2(C)C1CCC2(O)C(=O)CO,-3.18,training
ClC(Cl)Br,-1.54,training
CC12CC(=O)C3C(CCC4=CC(=O)CCC43C)C1CCC2=O,-3.48,training
c1ccc(-c2ccc(-c3ccccc3)cc2)cc1,-7.11,training
O=Cc1ccc(O)cc1,-0.96,training
CBr,-0.79,training
Cc1cc(S(=O)(=O)c2ccccc2)ccc1NS(=O)(=O)C(F)(F)F,-3.8,training
CC(=O)CC(c1ccc(Cl)cc1)c1c(O)c2ccccc2oc1=O,-5.839,training
CCc1ccc2ccccc2c1,-4.29,training
Cc1c[nH]c(=O)nc1N,-1.4580000000000002,training
Clc1c(Cl)c(Cl)c(-c2ccccc2)c(Cl)c1Cl,-7.92,training
O=C(Nc1ccccc1)c1ccccc1I,-4.21,training
Cc1cc2nc3c(=O)[nH]c(=O)nc-3n(CC(O)C(O)C(O)CO)c2cc1C,-3.685,training
Fc1ccccc1Br,-2.7,test
Oc1ccc(Cl)cc1Cl,-1.55,training
CC1(C)C(C=C(Cl)Cl)C1C(=O)OCc1cccc(Oc2ccccc2)c1,-6.291,training
CN1C(C(=O)Nc2ccccn2)=C(O)c2ccccc2S1(=O)=O,-4.16,training
CCC(=O)OCN1C(=O)NC(c2ccccc2)(c2ccccc2)C1=O,-4.907,training
C1CCCC1,-2.64,test
Cc1ccccc1N,-2.21,training
C=CCc1ccc(OC)cc1,-2.92,training
CN(C)C(=O)Nc1cccc(OC(=O)NC(C)(C)C)c1,-2.93,training
C=CC(C)C,-2.73,training
Oc1ccccn1,1.02,test
CC,-1.36,training
Clc1ccccc1Cl,-3.05,valid
Sc1nc2ccccc2s1,-3.18,training
Clc1c(Cl)c(Cl)c(-c2c(Cl)c(Cl)c(Cl)c(Cl)c2Cl)c(Cl)c1Cl,-11.6,training
COc1c2occc2cc2ccc(=O)oc12,-3.664,training
CC(N)=O,1.58,training
Cc1cccc2ccccc12,-3.7,training
CCN(CC)C(=O)C(C)Oc1cccc2ccccc12,-3.57,training
CC(O)C(C)(C)C,-0.62,training
CCCC(=O)OCC,-1.36,training
CC1=CC(=O)c2ccccc2C1=O,-3.03,training
c1ccc2c(c1)ccc1ccccc12,-5.26,training
Cc1ccnc(C)c1,0.38,training
CCCCCCCCCO,-3.01,training
BrCBr,-1.17,training
CC1CC2C3CCC4=CC(=O)C=CC4(C)C3(F)C(O)CC2(C)C1(O)C(=O)CO,-3.59,training
Cc1ccc2cc(C)ccc2c1,-4.89,training
CCSC(=O)N(CC(C)C)CC(C)C,-3.68,valid
O=[N+]([O-])OCC(CO[N+](=O)[O-])O[N+](=O)[O-],-2.22,valid
Nc1cccc([N+](=O)[O-])c1,-2.19,training
CCCCCl,-2.03,valid
O=CNC(N1C=CN(C(NC=O)C(Cl)(Cl)Cl)C=C1)C(Cl)(Cl)Cl,-4.19,training
Cn1cc(-c2ccccc2)c(=O)c(-c2cccc(C(F)(F)F)c2)c1,-4.445,training
Nc1cc2c3ccccc3ccc2c2ccccc12,-6.2,training
CC12CCC3c4ccc(O)cc4CCC3C1CCC2=O,-3.955,training
CCN1c2ccccc2N(C)C(=S)c2cccnc21,-4.706,valid
CC1CO1,-0.59,training
O=C1CN=C(c2ccccc2)c2cc([N+](=O)[O-])ccc2N1,-3.796,training
CCNC(=S)NCC,-1.46,training
Oc1cc(Cl)cc(Cl)c1Cl,-2.67,training
CCCCC(=O)OC,-1.34,training
Nc1ccccc1,-0.41,training
Cc1cccc2c(C)cccc12,-4.678999999999999,training
NS(=O)(=O)c1cc2c(cc1Cl)NCNS2(=O)=O,-2.63,training
C1=Cc2cccc3cccc1c23,-3.96,test
CCCCCOC(=O)CC,-1.28,training
CCNc1nc(NC(C)C)nc(OC)n1,-2.084,test
c1ccc2c(c1)cc1ccc3cccc4ccc2c1c34,-8.699,training
CCBr,-1.09,test
CCC#CCC,-1.99,training
CC1OC(OC2C(O)CC(OC3C(O)CC(OC4CCC5(C)C(CCC6C5CCC5(C)C(C7=CC(=O)OC7)CCC65O)C4)OC3C)OC2C)CC(O)C1O,-5.292999999999999,training
C=C(C)CC,-2.73,training
Oc1cccc2cccnc12,-2.42,training
c1ccc2c(c1)CCCC2,-4.37,test
O=C1OC(c2ccc(O)cc2)(c2ccc(O)cc2)c2ccccc21,-2.9,training
Brc1cc(Br)cc(Br)c1,-5.6,training
COP(=S)(OC)Oc1cc(Cl)c(Cl)cc1Cl,-5.72,training
Cc1cc(=O)[nH]c(=S)[nH]1,-2.436,training
C=CCc1ccc(O)c(OC)c1,-1.56,training
C=CCC1(C(C)C)C(=O)NC(=O)NC1=O,-1.7080000000000002,valid
c1cc2ccc3cccc4ccc(c1)c2c34,-6.176,training
CCOC(C)OCC,-0.43,training
CC1(C)CON(Cc2ccccc2Cl)C1=O,-2.338,training
CCCCOCCO,-0.42,training
O=[N+]([O-])c1c(Cl)c(Cl)c(Cl)c(Cl)c1Cl,-5.82,training
O=C1C(Cl)C(CCl)CN1c1cccc(C(F)(F)F)c1,-4.047,test
c1ccc2ncccc2c1,-1.3,training
COC(=O)c1cc(O)c(O)c(O)c1,-1.24,test
OC(Cn1cncn1)(Cn1cncn1)c1ccc(F)cc1F,-1.8,training
O=c1[nH]c2cc(Cl)ccc2o1,-2.8310000000000004,training
Clc1ccc(-c2c(Cl)c(Cl)c(Cl)c(Cl)c2Cl)c(Cl)c1,-7.92,valid
O=C1NC(=O)C(=O)C(=O)N1,-1.25,training
ClCCCCl,-1.62,training
Fc1cccc(Br)c1,-2.67,training
Clc1ccc(Br)cc1,-3.63,test
CC(C)C(C)C,-3.65,training
C=CCC,-1.94,training
Clc1ccc(Cl)c(-c2cc(Cl)c(Cl)c(Cl)c2Cl)c1,-7.68,training
Nc1cc[nH]c(=O)n1,-1.155,training
FC(F)(Cl)C(F)(Cl)Cl,-3.04,training
CCC#N,0.28,valid
Clc1ccc(C(c2ccccc2Cl)C(Cl)Cl)cc1,-6.51,training
COc1ccccc1[N+](=O)[O-],-1.96,valid
CC12CCC3C(CC=C4CC(O)CCC43C)C1CCC2=O,-4.12,training
CC12CC1(C)C(=O)N(c1cc(Cl)cc(Cl)c1)C2=O,-4.8,training
c1cc2ccc3ccc4ccc5cccc6c(c1)c2c3c4c56,-9.018,training
CCC(C)c1cc([N+](=O)[O-])cc([N+](=O)[O-])c1O,-3.38,training
COC1=C(OC)C2C(=O)OCC2C=C1,-1.899,training
OCC(O)CO,1.12,valid
COc1ccccc1O,-1.96,training
CCOP(=S)(OCC)Oc1nc(Cl)c(Cl)cc1Cl,-5.67,training
Cc1c2ccccc2cc2ccccc12,-5.89,training
Cc1cc(=O)n(-c2ccccc2)n1C,0.715,valid
CCCCOC,-0.99,valid
Cc1cnc2cncnc2n1,-0.8540000000000001,training
CCNc1nc(Cl)nc(NCC)n1,-4.55,training
CC(=O)N(C)C,1.11,training
CSc1nc(N(C)C)nc(N(C)C)n1,-2.676,training
C=C,-0.4,training
CC(C)(C)CCO,-0.5,training
C=CCC1(CC)C(=O)NC(=O)NC1=O,-1.614,training
Oc1ccc(Cl)c(Cl)c1Cl,-2.67,training
COc1ccccc1,-1.85,training
CC(C)OC(=O)C(O)(c1ccc(Cl)cc1)c1cccc(Cl)c1,-4.53,training
CC12CCC(=O)C=C1CCC1C2C(O)CC2(C=O)C(C(=O)CO)CCC12,-3.85,training
COc1ccc(Oc2ccc(NC(=O)N(C)C)cc2)cc1,-4.16,training
CCc1ccc(C)cc1,-3.11,training
CC(C)SC(C)C,-2.24,training
O=[N+]([O-])c1cccc([N+](=O)[O-])c1,-2.29,training
CCOP(=S)(OCC)SCSP(=S)(OCC)OCC,-5.54,training
CC(=O)OCC(=O)C1(O)CCC2C3CCC4=CC(=O)CCC4(C)C3C(=O)CC21C,-4.21,training
Nc1ccc(Cl)cc1,-1.66,training
CCCC(C)(C)CO,-1.52,training
c1ccoc1,-0.82,training
COCCCNc1nc(NC(C)C)nc(SC)n1,-2.928,valid
CN(C)C(=O)NC1CC2CC1C1CCCC21,-3.1710000000000003,training
CC(C)(C)c1ccccc1,-3.66,training
CC(=O)CCC1C(=O)N(c2ccccc2)N(c2ccccc2)C1=O,-3.27,training
CC(=O)OCC(=O)C1(O)CCC2C3CCC4=CC(=O)C=CC4(C)C3C(O)CC21C,-4.37,training
CCCOC,-0.39,training
CC(=O)OC(C)C,-0.55,training
Brc1ccccc1,-2.55,training
CCOC(=O)c1ccc(O)cc1,-2.35,training
CCCC(=O)OCN1C(=O)NC(c2ccccc2)(c2ccccc2)C1=O,-5.071000000000001,training
CCC(=O)OC1CCC2C3CCC4=CC(=O)CCC4(C)C3CCC12C,-5.37,training
c1cc2ccc3ccc4ccc5ccc6ccc1c1c2c3c4c5c61,-9.332,test
O=c1[nH]cnc2[nH]ncc12,-2.266,training
C=CCl,-1.75,training
CN(C)C(=O)C(c1ccccc1)c1ccccc1,-2.98,training
BrC(Br)(Br)Br,-3.14,valid
CCN1c2cc(N(C)C)cc(C)c2NC(=O)c2cccnc21,-4.871,valid
O=C1NC(=O)c2ccccc21,-2.61,training
OC(c1ccc(Cl)cc1)(c1cncnc1)c1ccccc1Cl,-4.38,training
COC(=O)c1ccccc1,-1.85,training
Cn1ccc(=O)[nH]c1=O,-0.807,training
CCCCC1C(=O)N(c2ccccc2)N(c2ccc(O)cc2)C1=O,-3.73,valid
Clc1ccc(Cl)c(-c2cccc(Cl)c2Cl)c1,-6.47,training
CCC1NC(=O)c2cc(S(N)(=O)=O)c(Cl)cc2N1,-3.29,training
CN(C)C(=O)Nc1ccc(Cl)c(Cl)c1,-3.8,training
C1=CCCC1,-2.1,training
O=C1NC(=O)C(O)(C2(O)C(=O)NC(=O)NC2=O)C(=O)N1,-1.99,training
CCCCCCCCC,-5.88,training
Oc1ccccc1Cl,-1.06,test
Cc1cc2ccccc2c2ccc3ccccc3c12,-6.59,training
CCOc1ccccc1,-2.33,valid
CCOC(=O)C=Cc1ccccc1,-3.0,training
Cc1[nH]c(=O)n(C(C)(C)C)c(=O)c1Cl,-2.484,training
O=C1CN=C(c2ccccc2Cl)c2cc([N+](=O)[O-])ccc2N1,-3.499,training
Cc1ccc(S(N)(=O)=O)cc1,-1.74,training
C#CC(C)OC(=O)Nc1cccc(Cl)c1,-2.617,training
CCCCCC(C)C,-5.08,training
CC1(C)C(C=C(Cl)C(F)(F)F)C1C(=O)OC(C#N)c1cccc(Oc2ccccc2)c1,-8.176,valid
CCCC1C(=O)N2C(N(C)C)=Nc3ccc(C)cc3N2C1=O,-3.5380000000000003,training
CN1C(=O)CN=C(c2ccccc2)c2cc(Cl)ccc21,-3.754,training
CCC(O)C(C)C,-0.7,training
CCOP(=S)(OCC)Oc1ccc(S(C)=O)cc1,-2.3,training
CC1(C)C2CCC1(C)C(O)C2,-2.32,training
CC12CCC(=O)C=C1CCC1C2CCC2(C)C(O)CCC12,-4.02,training
CCCCCCC,-4.53,training
Oc1cccc2ccccc12,-2.22,training
CC1CCCCC1C,-4.3,training
COc1cc2c(N)nc(N3CCN(C(=O)OCC(C)(C)O)CC3)nc2c(OC)c1OC,-3.638,training
c1cc2c3c(c4ccc5ccccc5c4cc3c1)CC2,-7.85,training
CC(=O)C1(C)CCC2C3C=C(C)C4=CC(=O)CCC4(C)C3CCC21C,-5.27,training
CCCCCC(C)=O,-1.45,valid
COP(=O)(NC(C)=O)SC,0.54,valid
CCCCSP(=O)(SCCCC)SCCCC,-5.14,training
O=C1NC(=O)C2C=CC=CC12,-2.932,training
NS(=O)(=O)c1cc2c(cc1Cl)NC(C(Cl)Cl)NS2(=O)=O,-2.68,training
CC=C(C)C,-2.56,training
Cc1ccc(C)c(C)c1,-3.31,training
Oc1cc(Cl)c(Cl)cc1Cl,-2.21,test
c1ccc2c(c1)cnc1ccccc12,-2.78,training
CCCC(C)(O)CC,-0.98,test
CCCCCCCC,-5.24,training
c1ccc2cc3ccccc3cc2c1,-6.35,valid
NNc1ccccc1,0.07,training
CCC=O,0.58,training
C1CCCCCCC1,-4.15,training
C=CCC1(CC=C)C(=O)NC(=O)NC1=O,-2.077,training
ClC(Cl)Cl,-1.17,training
O=c1ccnc(S)[nH]1,-2.273,training
O=C(Nc1ccccc1)N(Cc1ccc(Cl)cc1)C1CCCC1,-5.915,valid
CC1=CCCCC1,-3.27,training
CCCCC(C=O)CC,-2.13,training
COc1c2occc2c(OC)c2c(=O)cc(C)oc12,-3.0210000000000004,training
c1ccc2c3c(ccc2c1)-c1cccc2cccc-3c12,-8.0,test
CCC(C=O)CC,-1.52,training
CCCOCCC,-1.62,training
CCCCCCCCCCCCCCO,-5.84,training
Oc1c(Cl)ccc(Cl)c1Cl,-2.64,training
NC(N)=O,0.96,training
C#CCCC,-1.64,valid
Brc1cccc(Br)c1,-3.54,test
CCCCCCCCCCCCCCCCCCO,-8.4,training
CC(=O)Nc1ccccc1,-1.33,training
O=C1C=C2CC3(O)COc4c(ccc(O)c4O)C3=C2C=C1O,-2.7,training
NNC(=O)c1ccncc1,0.009,training
OC1C=CC2C1C1(Cl)C(Cl)=C(Cl)C2(Cl)C1(Cl)Cl,-5.46,valid
CC(C)CCOC=O,-1.52,training
CC(=O)c1ccccc1,-1.28,training
c1ccc2nc(-c3ccc4ccccc4n3)ccc2c1,-5.4,training
CCOP(=O)(OCC)OCC,0.43,training
CC12CCC(C1)C(C)(C)C2=O,-1.85,training
COc1cnc2cncnc2n1,-0.91,training
ClC1=C(Cl)C2(Cl)C3CC=CC3C1(Cl)C2(Cl)Cl,-5.64,training
CC(C)[N+](=O)[O-],-0.62,training
c1ccc2c(c1)[nH]c1ccccc12,-5.27,training
OCC(O)C(O)CO,0.7,valid
CCCOC(=O)c1ccc(N)cc1,-2.452,training
CNC(=O)C=C(C)OP(=O)(OC)OC,0.6509999999999999,training
O=C1CCC(=O)N1,0.3,valid
CCC(C)C(C)C,-4.28,training
CCCCc1c(C)nc(NCC)nc1OS(=O)(=O)N(C)C,-4.16,training
CCN1c2ncccc2C(=S)N(C)c2cccnc21,-4.634,training
CCN1C(=O)c2ccccc2Oc2ccccc21,-3.68,training
C1CCOCC1,-0.03,training
C#CCCCCC,-3.01,training
COc1ccc2ccc(=O)oc2c1CC=C(C)C,-4.314,training
Cc1ccc2c(ccc3c4c5c(cccc5cc32)CC4)c1,-7.92,training
CCOC(=O)c1ccccc1,-2.32,training
CC(C)CCl,-2.0,training
C#CC1(O)CCC2C3CCc4cc(O)ccc4C3CCC21C,-4.3,training
CCCCCCCCCCCC(=O)OC,-4.69,training
CCCSCCC,-2.58,valid
c1ccc2cc3cc4ccccc4cc3cc2c1,-8.6,training
CCCCCBr,-3.08,training
C/C=C/CCCC,-3.82,training
CCCCCC1CCCC1,-6.08,test
Clc1ccc(Cl)c(-c2c(Cl)c(Cl)cc(Cl)c2Cl)c1,-7.42,training
CC(Cl)(Cl)Cl,-2.0,training
CON(C)C(=O)Nc1ccc(Cl)cc1,-2.57,training
O=C1NC(=O)C2(CCCCC2)C(=O)N1,-3.06,valid
CN(C)C(=O)OC1=CC(=O)CC(C)(C)C1,-0.85,training
Cc1ccc(Br)cc1,-3.19,training
CCOCC,-0.09,training
CC(C)NC(=O)N1CC(=O)N(c2cc(Cl)cc(Cl)c2)C1=O,-4.376,training
CCCCN(CC)c1c([N+](=O)[O-])cc(C(F)(F)F)cc1[N+](=O)[O-],-5.53,training
Cc1cc(C)c(O)c(C)c1,-2.05,training
c1ccccc1,-1.64,training
Clc1ccc(I)cc1,-4.03,training
COc1ccc(NC(=O)N(C)C)cc1Cl,-2.564,training
CC(C)N(C(=O)CCl)c1ccccc1,-2.48,valid
C=Cc1ccccc1,-2.82,training
COCOC,0.48,training
Cc1ccccc1C,-2.8,training
CCC(C)O,0.47,training
Oc1ccc(O)cc1,-0.17,valid
CC12CCC3c4ccc(O)cc4CCC3C1CC(O)C2O,-4.955,training
c1ccc2c(c1)Cc1cc3ccccc3cc1-2,-8.04,test
O=C1CNC(=O)N1,-0.4,training
CCCCCCc1ccc(O)cc1O,-2.59,training
C=CCSS(=O)CC=C,-0.83,training
CCOP(=S)(OCC)Oc1ccc2oc(=O)c(Cl)c(C)c2c1,-5.382000000000001,training
Cc1c(C)c2c3ccccc3ccc2c2ccccc12,-7.01,training
CCCCC(=O)OC1(C(=O)CO)C(C)CC2C3CCC4=CC(=O)C=CC4(C)C3(F)C(O)CC21C,-4.71,training
O=c1[nH]c(=O)c2[nH]c(=O)[nH]c2[nH]1,-3.93,training
Oc1c(Cl)cc(Cl)c(Cl)c1Cl,-3.1,training
Clc1cccc(Cl)c1,-3.04,training
Clc1ccc(C(c2ccc(Cl)cc2)C(Cl)(Cl)Cl)cc1,-7.15,training
CC(C)COC=O,-1.01,training
CSc1ccccc1,-2.39,training
CCN1c2ncccc2C(=O)Nc2c(C(F)(F)F)cc(C)nc21,-4.207,training
CCCCCC,-3.84,valid
COC(=O)c1cccnc1,-0.46,valid
NS(=O)(=O)c1cc2c(cc1C(F)(F)F)NC(Cc1ccccc1)NS2(=O)=O,-3.59,training
Clc1ccc(-c2cc(Cl)c(Cl)c(Cl)c2Cl)cc1Cl,-7.82,training
C=CC1(C)OC(=O)N(c2cc(Cl)cc(Cl)c2)C1=O,-4.925,training
CCNc1nc(Cl)nc(NC(C)(C)C#N)n1,-3.15,training
c1ccc2c(c1)c1ccccc1c1ccccc21,-6.726,training
CC=C(C(=CC)c1ccc(O)cc1)c1ccc(O)cc1,-4.95,training
CCCCC(CC)COC(=O)c1ccccc1C(=O)OCC(CC)CCCC,-6.96,training
CCc1ccccn1,0.51,valid
COP(=O)(OC)OC(Br)C(Cl)(Cl)Br,-2.28,training
c1ccc(-c2ccccc2)cc1,-4.345,training
Clc1cc(Cl)c(-c2c(Cl)cc(Cl)cc2Cl)c(Cl)c1,-8.71,valid
CN(C)c1nc(N(C)C)nc(N(C)C)n1,-3.364,valid
CC(C)CC(C)(C)O,-0.92,training
O=C1NC(=O)C2(CCCCCC2)C(=O)N1,-3.168,training
OCC1OC(O)(CO)C(O)C1O,0.64,test
Cc1cc(C)cc(O)c1,-1.4,training
O=C(Nc1cccc(Cl)c1)OCC#CCCl,-4.37,training
CC(=O)Nc1ccc(Cl)cc1,-2.843,valid
Clc1ccc(Cl)c(-c2c(Cl)c(Cl)c(Cl)c(Cl)c2Cl)c1,-8.94,training
CCC(C)(C)C,-3.55,training
CNc1ccccc1,-1.28,training
C=CCC=C,-2.09,training
CC(=O)OCC(=O)C1(O)CCC2C3CCC4=CC(=O)CCC4(C)C3C(O)CC21C,-4.88,training
Cc1cc([N+](=O)[O-])cc([N+](=O)[O-])c1O,-1.456,training
O=C1Nc2ccc(Cl)cc2C(c2ccccc2Cl)=NC1O,-3.604,training
Oc1cccc(Cl)c1,-0.7,training
Clc1cccc(Br)c1,-3.21,training
NS(=O)(=O)c1cc2c(cc1Cl)N=CNS2(=O)=O,-3.05,training
CCC1(C)C(=O)NC(=O)NC1=O,-1.228,valid
OCCOc1ccccc1,-0.7,training
c1ccc(Cc2ccccc2)cc1,-4.08,training
CCCCCC(O)CC,-1.98,training
CCN(Cc1c(F)cccc1Cl)c1c([N+](=O)[O-])cc(C(F)(F)F)cc1[N+](=O)[O-],-6.78,training
CC(C)Nc1nc(Cl)nc(NC(C)C)n1,-4.43,training
CCCC(C)CO,-1.11,training
CCCCC(C)(C)O,-1.08,training
CCc1ccccc1,-2.77,training
CCC1(CC=C(C)C)C(=O)NC(=O)NC1=O,-2.253,training
ClC1=C(Cl)C2(Cl)C3C(Cl)C=CC3C1(Cl)C2(Cl)Cl,-6.317,valid
C=C(Br)CC1(C(C)CC)C(=O)NC(=O)NC1=O,-2.647,training
CC1(C)C(C(=O)OC(C#N)c2cccc(Oc3ccccc3)c2)C1(C)C,-6.025,training
COC(C)(C)CCCC(C)CC=CC(C)=CC(=O)OC(C)C,-5.19,training
CCOC(=O)CC,-0.66,training
CSc1nc(NC(C)C)nc(NC(C)C)n1,-4.1,training
C#CC(C)N(C)C(=O)Nc1ccc(Cl)cc1,-3.9,training
Cc1cc2ccccc2cc1C,-4.72,training
Clc1ccc(-c2cc(Cl)ccc2Cl)cc1,-6.25,training
Clc1ccc(-c2cc(Cl)c(Cl)c(Cl)c2Cl)c(Cl)c1,-7.39,test
N#CN=C(N)N,-0.31,training
O=[N+]([O-])C(Cl)(Cl)Cl,-2.0,training
Clc1cccc(Cl)c1-c1ccccc1,-5.21,training
COc1ccc(C=O)cc1,-1.49,training
CC(=O)Nc1ccc([N+](=O)[O-])cc1,-2.692,training
CCCCCCC(=O)OCC,-2.74,training
CC(=O)Nc1ccc(O)cc1,-1.03,test
c1ccc2[nH]ncc2c1,-2.16,training
CC1(C)OC2CC3C4CCC5=CC(=O)C=CC5(C)C4(F)C(O)CC3(C)C2(C(=O)CO)O1,-4.31,training
Nc1nc2[nH]cnc2c(=O)[nH]1,-3.583,training
COC(C)=O,0.46,training
CC12CCC3C(CCC4CC(=O)CCC43C)C1CCC2O,-4.743,training
C=CC(O)CCC,-0.59,training
O=C1NC(=O)C2C3C(C(O)(c4ccccc4)c4ccccn4)=CC(C3=C(c3ccccc3)c3ccccn3)C12,-3.931,training
CCCCOCCCC,-1.85,training
CCCCCCCCCCCCO,-4.8,test
CCN1c2nc(N(C)CCO)ccc2NC(=O)c2cccnc21,-3.36,training
CCCC(C)(C)O,-0.49,training
Nc1nc(=O)[nH]cc1F,-0.972,training
CCCCOc1ccc(C(=O)OCC)c(N(CC)CC)c1,-3.84,training
CCCCCC(C)(C)O,-1.72,training
Cc1c(C)c(C)c(C)c(C)c1C,-5.23,valid
Cc1ccc(C(C)C)c(O)c1,-2.22,test
c1cnc2ncncc2n1,0.02,training
CCOP(=S)(OCC)Oc1ccc([N+](=O)[O-])cc1,-4.66,training
C,-0.9,training
c1ccc2c(c1)CCN2,-1.04,test
O=[N+]([O-])c1cccc2ccccc12,-3.54,test
CCC(C)C(C)=O,-0.67,training
Nc1nc(O)nc2nc[nH]c12,-3.401,test
O=c1oc2ccccc2c(O)c1C(CC(O)c1ccc(-c2ccc(Br)cc2)cc1)c1ccccc1,-4.445,training
C[N+](=O)[O-],0.26,training
CC(C)N(C(=O)SCC(Cl)=C(Cl)Cl)C(C)C,-4.88,training
C=CCCC=C,-2.68,training
c1ccc2[nH]ccc2c1,-1.52,training
CC12CCC3C(CCC4=CC(=O)CCC43C)C1CCC2=O,-3.69,training
C=CCCCC,-3.23,training
Cc1cccc(C)c1NC(=O)c1cc(S(N)(=O)=O)c(Cl)cc1O,-3.79,training
CCC1CCCCC1,-4.25,valid
CCCCCCCC(C)=O,-2.58,training
COC(=O)Nc1nc2ccc(C(=O)c3ccccc3)cc2[nH]1,-3.88,training
CC(C)OC(=O)Nc1cccc(Cl)c1,-3.38,training
CCN1c2ncccc2C(=O)N(C)c2ccc(Cl)nc21,-4.114,training
CNC(=O)Oc1cccc2ccccc12,-3.224,training
C#C,0.29,training
Cc1cncc(C)c1,0.38,training
C1=CCC=CC1,-2.06,valid
CCOC(=O)N(C)C(=O)CSP(=S)(OCC)OCC,-2.518,training
CC(O)c1ccccc1,-0.92,test
CC(Cl)CCl,-1.6,training
CCCC=C(C=O)CC,-2.46,training
CCOP(=S)(OCC)SCCSCC,-4.23,training
CC(=O)OC1(C)CCC2C3CCC4=CC(=O)CCC4(C)C3CCC21C,-5.284,training
Clc1ccc(-c2c(Cl)cccc2Cl)cc1,-6.14,training
O=C(NC(=O)c1c(F)cccc1F)Nc1ccc(Cl)cc1,-6.02,training
Oc1cc(Cl)ccc1Oc1ccc(Cl)cc1Cl,-4.46,valid
CC(C)CCCCCOC(=O)c1ccccc1C(=O)OCCCCCC(C)C,-6.6370000000000005,training
CC12CCC(=O)C=C1CCC1C2C(O)CC2(C)C(C(=O)CO)CCC12,-3.24,training
Cc1cc(C)cc(C)c1,-3.4,training
CCCCCCCCOC(=O)c1ccccc1C(=O)OCCCCCCCC,-5.115,training
CCCCCCCCCCCCCCCO,-6.35,training
Clc1cccc(Cl)c1-c1c(Cl)cccc1Cl,-7.39,training
CC1(C)C(=O)NC(=O)NC1=O,-1.742,training
CC(C)I,-2.09,training
O=[N+]([O-])c1ccccc1[N+](=O)[O-],-3.1,training
CC(=O)C(C)C,-0.12,training
CCCCCCCCCCCCCCCC,-8.4,training
Cc1cccc2sc3nncn3c12,-2.07,training
CCCCCCC(C)=O,-2.05,training
CCCCCCCCC(=O)OC,-3.38,training
Fc1ccc(F)cc1,-1.97,training
O=C1CCC(N2C(=O)c3ccccc3C2=O)C(=O)N1,-2.676,training
CCCN(CCC)c1c([N+](=O)[O-])cc(C(F)(F)F)cc1[N+](=O)[O-],-5.68,training
CCO,1.1,valid
O=C1NC(=O)C2(CCCC2)C(=O)N1,-2.349,valid
CCNC(=O)C(C)OC(=O)Nc1ccccc1,-1.83,test
CC(C)=CC1C(C(=O)OCc2cccc(Oc3ccccc3)c2)C1(C)C,-5.24,training
CN(C)C(=O)NC1CCCCCCC1,-2.218,training
ClC1(Cl)C2(Cl)C3(Cl)C4(Cl)C(Cl)(Cl)C5(Cl)C3(Cl)C1(Cl)C5(Cl)C24Cl,-6.8,training
CCCCCCCCBr,-5.06,training
CCCCNC(=O)n1c(NC(=O)OC)nc2ccccc21,-4.883,training
Cc1c(N(C)C)c(=O)n(-c2ccccc2)n1C,-0.364,training
CCC(O)CC,-0.24,training
Cc1ccc([N+](=O)[O-])cc1,-2.49,training
CC(C)CCCO,-1.14,training
C#CC1(O)CCC2C3CCC4=CC(=O)CCC4(O)C3CCC21C,-4.57,training
CC(C)OC(=O)C(O)(c1ccc(Br)cc1)c1ccc(Br)cc1,-4.93,training
Nc1cnn(-c2ccccc2)c(=O)c1Cl,-2.878,training
CCC(C)(C)O,0.15,training
Cc1ccc(O)cc1,-0.73,valid
CCOC=O,0.15,training
CN(C)c1ccccc1,-1.92,training
C1CCC2CCCCC2C1,-5.19,training
CCCCS,-2.18,training
c1ccc2c(c1)c1cccc3ccc4cccc2c4c31,-7.8,training
ClC(Cl)=C(Cl)Cl,-2.54,training
CCC(=O)CC,-0.28,training
C=CC#N,0.15,training
CC1CC2C3CC(F)C4=CC(=O)C=CC4(C)C3(F)C(O)CC2(C)C1(O)C(=O)CO,-5.613,test
CCCCC(C)=O,-0.8,training
CCNc1nc(NC(C)(C)C)nc(OC)n1,-3.239,training
CCCCC(C)CC,-5.16,training
BrCCBr,-1.68,test
CNC(=O)Oc1ccccc1C(C)C,-2.863,training
O=C1NCCN1c1ncc([N+](=O)[O-])s1,-3.22,test
c1ccc2c(c1)Cc1c-2ccc2ccccc12,-6.68,training
COc1ccccc1Cl,-2.46,training
COP(=S)(OC)Oc1cc(Cl)c(Br)cc1Cl,-6.09,training
O=C(CC(Cl)Cl)NC1=C(Cl)C(=O)c2ccccc2C1=O,-5.03,training
C=CC(=O)OC,-0.22,training
CN(C)C(=O)Nc1ccc(Oc2ccc(Cl)cc2)cc1,-4.89,training
c1ccc(N=Nc2ccccc2)cc1,-4.45,training
Cc1ccc(C(C)C)cc1,-3.77,training
Oc1c(Cl)cccc1Cl,-1.79,training
OCC1OC(OC2(CO)OC(CO)C(O)C2O)C(O)C(O)C1O,0.79,training
OC1C(O)C(O)C(O)C(O)C1O,0.35,training
Cn1c(=O)c2c(ncn2CC(O)CO)n(C)c1=O,-0.17,training
O=C(NC(CO)C(O)c1ccc([N+](=O)[O-])cc1)C(Cl)Cl,-2.111,training
CCC(O)(CC)CC,-0.85,training
CC12CCC3C(CCC4CC5SC5CC43C)C1CCC2O,-5.41,valid
Brc1ccccc1Br,-3.5,training
Oc1c(Cl)cc(Cl)cc1Cl,-2.34,training
CCCN(CCC)c1c([N+](=O)[O-])cc(S(N)(=O)=O)cc1[N+](=O)[O-],-5.16,training
O=C1c2ccccc2Cc2ccccc2N1CCF,-4.799,training
CC(C)C(=O)C(C)C,-1.3,training
CC(C)=CCC1(C(C)C)C(=O)NC(=O)NC1=O,-2.593,training
COC1=CC2OC3C=CC(O)=CC3C(=O)C2C(O)=C1,-2.943,training
Cn1c(=O)c2c(ncn2C)n(C)c1=O,-0.8759999999999999,training
CC(=O)SC1CC2=CC(=O)CCC2(C)C2CCC3(C)C(CCC34CCC(=O)O4)C12,-4.173,training
Cc1ccc(O)cc1C,-1.38,training
c1ccc(Oc2ccccc2)cc1,-3.96,training
Clc1cc(Cl)c(-c2cc(Cl)c(Cl)cc2Cl)cc1Cl,-8.56,test
NC(=O)c1cccnc1,0.61,valid
Sc1ccccc1,-2.12,training
CNC(=O)Oc1cc(C)cc(C)c1,-2.5810000000000004,training
ClC1=C(Cl)C2(Cl)C3C(Cl)C(Cl)CC3C1(Cl)C2(Cl)Cl,-6.86,training
CSSC,-1.44,training
NC(=O)c1ccccc1,-0.96,training
Clc1ccccc1Br,-3.19,training
COC(=O)c1ccccc1OC1OC(COC2OCC(O)C(O)C2O)C(O)C(O)C1O,-0.742,test
CCCCC(O)CC,-1.47,training
CCN1c2ncccc2C(=O)Nc2c(C)cc(C)nc21,-4.553999999999999,training
Oc1cc(Cl)cc(Cl)c1,-1.34,training
Cc1cccc2c1ccc1ccccc12,-5.85,training
CCCCC(CC)CO,-2.11,valid
CC(C)N(C(=O)SCC(Cl)=CCl)C(C)C,-4.2860000000000005,valid
Cc1ccccc1,-2.21,test
Clc1cccc(C(Cl)(Cl)Cl)n1,-3.76,training
C1=CCCCCC1,-3.18,training
CN(C)C(=S)SSC(=S)N(C)C,-3.9,valid
COC1=CC(=O)CC(C)C12Oc1c(Cl)c(OC)cc(OC)c1C2=O,-3.2460000000000004,training
CCCCCCCCCCO,-3.63,test
CCC(C)(C)CC,-4.23,training
CNC(=O)C(C)SCCSP(=O)(OC)OC,1.144,training
Oc1cc(Cl)c(Cl)c(Cl)c1Cl,-3.15,training
CCCC=O,-0.01,training
CC(=O)OCC(=O)C1(O)C(C)CC2C3CCC4=CC(=O)C=CC4(C)C3(F)C(O)CC21C,-4.9,training
CCCC,-2.57,training
CC(=O)C1(O)CCC2C3CC(C)C4=CC(=O)C=CC4(C)C3(F)C(O)CC21C,-4.099,training
ClC(Cl)C(Cl)(Cl)Cl,-2.6,test
CCOC(=O)c1ccccc1C(=O)OCC,-2.35,test
CC(C)CO,0.1,training
CC(C)Cc1ccccc1,-4.12,valid
ICI,-2.34,test
CCCC(O)CCC,-1.4,test
CCCCCOC(C)=O,-1.89,test
Oc1c(Cl)c(Cl)cc(Cl)c1Cl,-3.37,training
CCCc1ccccc1,-3.37,training
FC(F)(Cl)C(F)(F)Cl,-2.74,training
CC=CC=O,0.32,training
CN(C)C(=O)N(C)C,0.94,training
Cc1cc(C)c(C)cc1C,-4.59,training
C#CC1(OC(C)=O)CCC2C3CCC4=CC(=O)CCC4C3CCC21C,-4.8,training
CCOP(=S)(OCC)N1C(=O)c2ccccc2C1=O,-3.35,training
O=C(Nc1ccccc1)c1ccccc1O,-3.59,training
C=C(Cl)CSC(=S)N(CC)CC,-3.39,training
CCCl,-1.06,training
CC(=O)Nc1cc(NS(=O)(=O)C(F)(F)F)c(C)cc1C,-3.24,training
O=C(C=CC=Cc1ccc2c(c1)OCO2)N1CCCCC1,-3.46,training
C/C=C\CC,-2.54,training
CNC(=O)ON=C(CSC)C(C)(C)C,-1.62,valid
O=C1NC(=O)C2(CCCCCCC2)C(=O)N1,-2.982,training
CNC(=O)Oc1cc(C(C)(C)C)cc(C(C)(C)C)c1,-4.24,training
O=C1CC(c2ccc(O)c(O)c2)Oc2cc(O)cc(O)c21,-3.62,training
O=C(c1ccccc1)c1ccccc1,-3.12,training
CCCCCCCCCCCCCCCCCCCC,-8.172,training
c1ccc(NNc2ccccc2)cc1,-2.92,training
CCC(CC)CO,-1.17,training
Oc1ccncc1,1.02,training
Cl/C=C\Cl,-1.3,test
CC1CCCC1,-3.3,training
CC(C)CC(C)O,-0.8,training
Cc1ccc2c(c1)C(=O)N(C)c1cc(N)ccc1O2,-3.928,training
CC(C)(C)CO,-0.4,test
CC(C)(C)C(=O)C(Oc1ccc(Cl)cc1)n1cncn1,-3.61,training
Cc1cc(C(=O)NNCc2ccccc2)no1,-2.461,training
C=CC,-1.08,training
Oc1ccc(Cl)cc1Cc1cc(Cl)ccc1O,-3.953,training
CCOC(=O)Nc1cccc(OC(=O)Nc2ccccc2)c1,-4.632,training
O=C1c2ccccc2C(=O)c2ccccc21,-5.19,training
CCCCCCC(C)O,-2.09,training
CC1=C(C(=O)Nc2ccccc2)S(=O)(=O)CCO1,-2.281,training
CCCCc1ccccc1,-4.06,test
O=C1NC(=O)C(=O)N1,-0.4,training
COP(=S)(OC)Oc1ccc(Sc2ccc(OP(=S)(OC)OC)cc2)cc1,-6.237,training
NS(=O)(=O)c1cc(C2(O)NC(=O)c3ccccc32)ccc1Cl,-3.451,training
CC(=O)OCC(C)C,-1.21,training
CC(C)C(C)(C)C,-4.36,training
Clc1ccc(-c2c(Cl)cc(Cl)c(Cl)c2Cl)c(Cl)c1Cl,-7.66,training
N#Cc1ccccc1C#N,-2.38,test
Cc1cccc([N+](=O)[O-])c1,-2.44,training
FC(F)(F)C(Cl)Br,-1.71,training
CNC(=O)ON=C(SC)C(=O)N(C)C,0.106,training
CCSCCSP(=S)(OC)OC,-3.091,valid
CCC(C)C,-3.18,training
COP(=O)(OC)OC(=CCl)c1cc(Cl)c(Cl)cc1Cl,-4.522,test
